 N°,AÑO,UNIDAD,PROVEEDOR,EQUIPO,SERIE,FECHA,ESTADO,ORDEN DE TRANSPORTE,OBSERVACION,AE,CONCLUSION
009-16,2016,,,CENTRIFUGA,,12-08-2016,,,14/11 Se entrega en la unidad,,OK
011-16,2016,,,02 ÓPTICAS 12º,,26-08-2016,,,09/11 Se Reitera correo para que envien cotización,,OK
012-16,2016,,,INCUBADORA,,07-09-2016,,,Solicitud de Reparación SC-113-16,,OK
013-16,2016,,,AUDIÓMETRO,,15-09-2016,,,08/11 Se Entrega Equipo a unidad,,OK
014-16,2016,,,ANALIZADOR DE FLUJO,,27-09-2016,,,06/10 Equipo se enviará a fabrica,,OK
015-16,2016,,,EQUIPO LASER,,29-09-2016,,,30/11 Se entrega equipo,,OK
016-16,2016,,,VIDEOENDOSCOPIO,,03-10-2016,,,15/11 Entregado a la unidad,,OK
--,2016,,,TIJERAS,,05-10-2016,,,Caja chica,,OK
017-16,2016,,,VIDEOENDOSCOPIO,,,,,Recuperar?,,OK
018-16,2016,,,ADAPTADOR DE SIERRA,,13/01/2017,,,SC-008-16,,OK
001-17,2017,,,CALENTADOR DE FRACOS,,,,,,,OK
002-17,2017,,,ASPIRADOR PUNTA CERÁMICO,,,,,,,OK
003-17,2017,,,VENTILADOR MECANICO,,,,,,,OK
004-17,2017,,,02 ÓPTICAS 12°,,,,,,,OK
006-17,2017,,,EQUIPOS FLUKE,,,,,,,OK
007-17,2017,,,CPU ARCO C,,,,,,,OK
008-17,2017,,,PIEZA MANO TRS,,,,,,,OK
009-17,2017,,,ECG URGENCIA,,02/03/2017,,,,,OK
010-17,2017,,,VENTILADOR MECÁNICO UPC,,06-03-2017,,,,,OK
011-17,2017,,,ECOGRAFO OFTALMOLOGICO,,,,,,,OK
012-17,2017,,,VENTILADOR T1,,,,,,,OK
013-17,2017,,,LASER ARGON,,,,,,,OK
014-17,2017,,,CENTRIFUGA LABORATORIO,,,,,,,OK
015-17,2017,,,VIDEOBRONCOSCOPIO ADULTO,,,,,,,OK
016-17,2017,,,Monitor VM UPC,,21/07/2017,,,,,OK
017-17,2017,,,PIEZA ANCLAJE RAPIDO,,42940,,,,,OK
018-17,2017,,,Monitor Laringoscopio,,26/07/2017,,,,,OK
019-17,2017,,,CPU ARCO C,,02/10/2017,,,,,OK
020-17,2017,,,Lámpara de Examen,,02/10/2017,,,,,OK
021-17,2017,,,Centrifuga Laboratorio,,11/10/2017,,,,,OK
022-17,2017,,,ElectrobisturÍ,,12/10/2017,,,,,OK
023-17,2017,,,Videopanendoscopio antiguo,,24/10/2017,,,Solictar que lo devuelvan,,OK
024-17,2017,,,Shaver,,9/11/2017,,,,,OK
025-17,2017,,,Ventilador SLE,,06/07/2012,,,,,OK
001-18,2018,,,Videocolonosocpio,,08/01/2018,,,,,OK
002-18,2018,Endoscopia,,Videocolonoscopio y videofibrobroncopio,,15/02/2018,,,Equipo con mancha y línea en imagen,,OK
003-18,2018,Pabellón,,Caja Motor Synthes N°1,,21/02/2018,,,Problemas con pieza de mano y con adaptadores,,OK
004-18,2018,Urgencia,,Monitores Philips,,23/02/2018,,,"Equipo en garantía , problemas con sistema PANI",,OK
005-18,2018,Endoscopia,,Videodueodenoscopio,,01/03/2018,,,"Equipo con daño en cámara, provocado por filtración u otro",,OK
006-18,2018,Anatomía Patológia ,,Criostato de pedestal ,,28/03/2018,,,"Equipo con problemas comprensor, debe ser evaluado en servicio técnico",,OK
007-18,2018,Medicina Nuclear,,Detector Radiación,,29/03/2018,,,Equipo requiere calibración,,OK
008-18,2018,CDT,,Videopanendoscopio ,,02/04/2018,,,Equipo presenta manchas en imagen y servicio tecnico sugiere envío,,OK
009-18,2018,Neonatología,, Screening Auditivo,,10/04/2018,,,Se envía a servicio técnico especializado para diagnóstico y cambios de repuestos pertinentes,,OK
010-18,2018,EE MM e Ing. Clínica,,Analizador Desfribilador,,20/04/2018,,,Equipo enviado a servicio técnico especializado para calibración y M. preventivo Anual,,OK
010-18,2018,EE MM e Ing. Clínica,,Analizador Electroocirugía,,20/04/2018,,,Equipo enviado a servicio técnico especializado para calibración y M. preventivo Anual,,OK
010-18,2018,EE MM e Ing. Clínica,,Analizador de flujo de gas,,20/04/2018,,,Equipo enviado a servicio técnico especializado para calibración y M. preventivo Anual,,OK
010-18,2018,EE MM e Ing. Clínica,,Analizador de incubadoras,,20/04/2018,,,Equipo enviado a servicio técnico especializado para calibración y M. preventivo Anual,,OK
010-18,2018,EE MM e Ing. Clínica,,Analizador de seguridad eléctrica,,20/04/2018,,,Equipo enviado a servicio técnico especializado para calibración y M. preventivo Anual,,OK
010-18,2018,EE MM e Ing. Clínica,,Multimetro digital,,20/04/2018,,,Equipo enviado a servicio técnico especializado para calibración y M. preventivo Anual,,OK
010-18,2018,EE MM e Ing. Clínica,,Pinza amperimétrica,,20/04/2018,,,Equipo enviado a servicio técnico especializado para calibración y M. preventivo Anual,,OK
010-18,2018,EE MM e Ing. Clínica,,Simulador cardiofetal,,20/04/2018,,,Equipo enviado a servicio técnico especializado para calibración y M. preventivo Anual,,OK
010-18,2018,EE MM e Ing. Clínica,,Simulador de oximetría,,20/04/2018,,,Equipo enviado a servicio técnico especializado para calibración y M. preventivo Anual,,OK
010-18,2018,EE MM e Ing. Clínica,,Simulador de pacientes,,20/04/2018,,,Equipo enviado a servicio técnico especializado para calibración y M. preventivo Anual,,OK
010-18,2018,EE MM e Ing. Clínica,,Simulador de pacientes,,20/04/2018,,,Equipo enviado a servicio técnico especializado para calibración y M. preventivo Anual,,OK
011-18,2018,Nenonatología,,Audio Screening,,24/05/2018,,,Equipo se envía a proveedor para revisión,,OK
012-18,2018,CDT - ENDOSCOPIA,,Video panendoscopio 2G374K373,,30/05/2018,,,Equipo se envía a revisión y proceso de secado sin costo debido a que éstos presentan manchas en su imagen.,,OK
012-18,2018,CDT - ENDOSCOPIA,,Video duodenoscopio,,30/05/2018,,,Equipo se envía a revisión y proceso de secado sin costo debido a que éstos presentan manchas en su imagen.,,OK
012-18,2018,CDT - ENDOSCOPIA,,Video panendoscopio 2G374K419,,30/05/2018,,,Equipo se envía a revisión y proceso de secado sin costo debido a que éstos presentan manchas en su imagen.,,OK
012-18,2018,CDT - ENDOSCOPIA,,Video colonoscopio,,30/05/2018,,,Equipo se envía a revisión y proceso de secado sin costo debido a que éstos presentan manchas en su imagen.,,OK
013-18,2018,PABELLÓN,,ELECTRO BISTURÍ,,06/06/2018,,,"Equipo no operativo, se envía a servicio técnico especializado para diagnóstico",,OK
014-18,2018,UPC,,VENTILADOR MECÁNICO G5,,07/06/2018,,,"Equipo presenta error técnico de fábrica, deber ser evaluado por servicio ténico",,OK
015-18,2018,CDT,,NOTEBOOK (equipo accesorio al videocolposcopio),,07/06/2018,,,Equipo enviado a Santiago en garantía por problemas de software,,OK
016-18,2018,Pabellón,,ADAPTADOR DE SIERRA SAGITAL,,20/06/2018,,,Adaptador con sierra atascada,,OK
017-18,2018,Pabellón,,Procesador de Imagen de torre VLP,,27/07/2018,,,"Equipo con problemas conector de la cámara, debe ser evaluado por técnico",,OK
018-18,2018,Poli Clínico Otorrino,,Fuente de Luz,,01/08/2018,,,"Equipo con problemas fuente de poder, debe ser evaluado por técnico",,OK
019-18,2018,Pabellón,,Fuente de Luz,,27/07/2018,,,"Equipo con problemas fuente de poder, debe ser evaluado por técnico",,OK
020-18,2018,Bloque Quirúrgico,,Monitores Multiparámetros ,102904/102900,14/08/2018,,,"Equipos con error intermitente de medición en módulo saturación, evaluación técnico",,OK
021-18,2018,Pabellón,,Equipo Laser,,08/08/2018,,,Se entrega equipo a Empresa Cencomex por reposición de acuerdo a la RE N°3609,,OK
021-18,2018,Pabellón,,Equipo Laser ,,08/08/2018,,,"Equipo se entrega a Empresa Cencomex por reposición de acuerdo a RE n°3609, 01-08-18",,OK
021-18,2018,Representante Cencomex,,Equipo Laser,,08/08/2018,,,Equipo se entrega a empresa por reposición de acuerdo a RE n°3609 del 01 Agosto 2018,,OK
022-18,2018,Bloque Quirúrgico,,Monitor Multiparámetros,,16/08/2018,,,"Equipo con problemas en pantalla táctil, debe ser evaluado por técnico",,OK
023-18,2018,CDT- Poli Clínico Otorrino,,Rinofaringolaringoscopio,,03/09/2018,,,"Equipo presenta manchas en su imagen, debe ser evaluado por técnico y permanece en garantía",,OK
024-18,2018,Pabellón,,Caja Motor Synthes N°3,,20/09/2018,,,"Adaptadores de sierra se traban en pieza de mano, debe ser evaluado en servicio técnico ",,OK
025-18,2018,UCE,,Ventiladores Mecánicos (3),,01/10/2018,,,"Equipos con problemas en sus pantallas táctil, debe ser evaluado por técnico",,OK
026-18,2018,UCI,,Ventiladores Mecánicos (2),,01/10/2018,,,"Equipos con problemas en sus pantallas táctil, debe ser evaluado por técnico",,OK
027-18,2018,UPC,,FIBROBRONCOSCOPIO,RB043A014,05/10/2018,,,"Recubrmiento de fibra en extremo distal se encuentra perforado,debe ser evaluado por técnico",,OK
028-18 A,2018,Endoscopia,,Videocolonoscopio,,05/10/2018,,,Equipo no pasa prueba de hermeticidad por producto de un piquete en el recubrimiento de la fibra,,OK
028-18 B,2018,Endoscopia,,Videopanendoscopio,,12/10/2018,,,Equipo con obstrucción en su sistema de irrigación y de insuflación,,OK
029-18,2018,UPC,,Ventilador Mecánico G5(segundo),2549,25/10/2018,,,"Equipo con problemas en panel connection lost, debe ser evaluado por técnico",,OK
030-18,2018,Pabellón,,Caja Motor Synthes con sierra N°2,,25/10/2018,,,Se envía a servicio especializado para su mantenimiento preventivo.,,OK
031-18,2018,CDT - ENDOSCOPIA,,Videocolonosocpio,,08/11/2018,,,Se envía a servicio técnico especializado por problemas en el sistema de irrigación,,OK
032-18,2018,CDT - ENDOSCOPIA,,Facoemulsificador,,08/11/2018,,,Se envía a servicio técnico especializado por problemas en el sistema de irrigación,,OK
033-18,2018,UCE,,Monitor Multiparámetro,102877,15/11/2018,,,"Equipo con problemas en pantalla táctil, debe ser evaluado por técnico",,OK
034-18,2018,Pabellón,,Módulo Motor-Batería,,30/11/2018,,,"Fallo de equipo en sistema interno, deber ser evaluado ens ervicio técnico especialzado",,OK
035-18,2018,Pabellón,,Videopanendoscopio,,03/12/2018,,,"Módulo enciende luz indicando que requiere revisión técnica, debe ser evaluado por técnico especializado",,OK
035-18,2018,Pabellón,,Monitor Multiparámetros,,03/12/2018,,,"Módulo enciende luz indicando que requiere revisión técnica, debe ser evaluado por técnico especializado",,OK
036-18,2018,CDT - ENDOSCOPIA,,Adaptador de sierra,,06/12/2018,,,"Equipo obstruido en el sistema de irrigación, deber ser evaluado por técnico",,OK
037-18,2018,Bloque Médico,,,,06/12/2018,,,"Equipo con problemas en medición de sp02 que se encuentra defectuoso, deber evaluado por técnico",,OK
038-18,2018,Pabellón,,Caja Synthes,,13/12/2018,,,"Equipo con sierra trabada, debe ser evaluado por tecnico especializado",,OK
039-18,2018,Nenonatología,,Audioscreening (Antiguo),AO040226,27/12/2018,,,Equipo con error,,OK
001-19,2019,Urgencia,,Electrocardiógrafo ,,04/01/2019,,,"Equipo sufrió sniestro según ""IT-051-18"" con fecha 06-12-2018",,OK
002-19,2019,UPC,,Ecógrafo,,10/01/2019,,,"Equipo no enciende, queda pegado en pantalla inicio sin cargar software, debe ser evaluado por técnico",,OK
003-19,2019,CDT,,Monitor Multiparámetros M.C,CN54507122,18/01/2019,,,"Debido a que la falla es intermitente en SPO2, se deja el equipo en observación y se recomienda evaluación de técnico",,OK
004-19,2019,Otorrino,,BERA,934416,30/01/2019,,,"Equipo descalibrado, debe ser evaluado por técnico especializado",,OK
005-19,2019,Ginecología y Obstetricia,,Screening,,31/01/2019,,,"Calibración de equipo y mantenimiento correctivo, deber ser evaluado por técnico",,OK
006-19,2019,Endoscopia,,Videocolonoscopio,,06/02/2019,,,"Equipo se encuentra con daños en la rueda de angulación, debe ser evaluado por técnico",,OK
007-19,2019,Urgencia,,Monitor Multiparámetros ,CN54507130,15/02/2019,,,Equipo no enciende y además indicador de conexión eléctrica no se activa al enchufar,,OK
008-19,2019,Pabellón,,Adaptador de sierra caja motor synthes,3038,14/03/2019,,,"Accesorio suelto y no cierra, debe ser evaluado por técnico",,OK
009-19,2019,Endoscopia,,01 Videopanendoscopio Adulto y 02 pedátricos,1G349K108/2G374K420/2G374K419,18-03-2019,,,"Lente de iluminación fracturado, iluminación deficiente, irrigación tapada empañamiento, irrigacióm e insuflación",,OK
010-19,2019,Otorrino,,BERA,934416,29-03-2019,,,"Por adquisición solicitada por unidad,debe ser enviado otra vez a proveedor para calibración (no tendrá costo)",,OK
011-19,2019,Pabellón,,Óptica endocamaleon,100042,01-04-2019,,,"Equipo en garantía, se ve borroso",,OK
012-19,2019,Endoscopia,,Videopanendoscopio pediátrico,2G374K420,03-04-2019,,,"Equipo con falla en sistema de angulación, debe ser evaluado por servicio técnico especializado",,OK
013-19,2019,Hospital P. Huasco,,Ventilador mecánico de la Incubadora T.,BB01635,05-04-2019,,,"Equipo en calidad de préstamo operativo con observaciones, requiere celda de oxígeno y cambio de batería del compresor",,OK
014-19,2019,Pabellón,,Facoemulsificador,201053083,08-04-2019,,,Falla en bomba de irrigación (NO SE ENVIO),,OK 
015-19,2019,Endoscopia,,Videocolonoscopio,1C667K065,08-04-2019,,,Equipo con perforación en el extremo proximal de la sección flexible,,OK
016-19,2019,Endoscopia,,Videopanendoscopio Pediátrico,2G374K373,09-04-2019,,,Mancha en imagen en el centro de la cámara,,OK
017-19,2019,Bloque Médico,BLUEMEDICAL,Monitor Multiparámetro Mediana complejidad,102895,07-05-2019,,,"Equipo sufrió caída  desde el carro de transporte, teniendo pantalla y carcasa quebrada, debe ser evaluado por técnico",,OK
018-19,2019,Equipos Médicos,,Analizadores,muchos,10-05-2019,,,"Equipos enviados a servicio técnico para calibración y mant. preventivo anual, se adjunta detalle y accesorios de cada eq.",,OK
019-19,2019,Pabellón,,Generador de Electrocirugía + 2 Resectoscopio,7148382,24-05-2019,,,"Falla de equipo al momento de cortar, se envía a servicio técnico especializado para revisión integral y calibración",,OK
020-19,2019,CDT - Endoscopia,,Monitor de Signos Vitales,G1119275,27-05-2019,,,"No carga sistema, equipo en garantía, debe ser evaluado por servicio técnico especializado ",,OK
021-19,2019,CDT - Endoscopia,,Videocolonoscopio,1C667K065,27-05-2019,,,"Micro fractura en cabezal, debe ser evaluado por técnico especializado",,OK
022-19,2019,Otorrino,,Audífonos de Equipo BERA,--,28-05-2019,,,"Daño en auricular izquierdo, debe ser evaluado por técnico especializado",,OK
023-19,2019,UPC,ZEPEDA,Fibrobroncoscopio,FB-120T,30-05-2019,,,"Recubrimiento de fibra en extremo distal, se encuentra perforado",,OK
024-19,2019,Pediatría (está prestado a UPC),,Fibrobroncoscopio,1B044K011,04-06-2019,,,"Falla en sistema de angulación, debe ser evaluado por técnico especializado",,OK
025-19,2019,Endoscopia,ZEPEDA,Videoduodenoscopio,1D102K536,11-06-2019,,,Equipo requere cambio del mecanismo,,OK
026-19,2019,Pabellón,,Instrumentales de caja de VLP,S/S,11-06-2019,,,"Instrumentales defectuosos, en garantía",,OK
027-19,2019,Pabellón,OFTOMED,05 Piezas de mano de Facoemulsificador,E213850/E225891/E227020/E225912/E225898,11-06-2019,,,"Piezas de mano desfectuosas, debe ser evaluado por técnico especializado ",,
028-19,2019,Pabellón,SYNTHES,Pieza de anclaje caja motor synthes,5002,20-06-2019,,,"Accesorio trabado, debe ser evaluado por técnico especializado SEM-008-20",,OK
029-19,2019,Pabellón,ATM,Pieza de mano lithoclass,BZ05893,20-06-2019,,,"Rodamiento interno pegado lo que no permite el flujo de aire adecuado, debe ser evaluado por técnico especializado",,OK
030-19,2019,Pabellón,SYNTHES,Piezas de motores synthes,2171 / 2226,05-07-2019,,,"Accesorio trabado / Dificultades en su uso, debe ser evaluado por técnico especializado SEM-008-20",,OK
031-19,2019,Pabellón,,Dermátomo + 2 baterías,2618,09-07-2019,,,"Baterias caducadas, debe ser evaluado por técnico especializado",,OK
032-19,2019,UPC,,Fibrobroncoscopio,RB042A087,31-07-2019,,,Equipo con manchas en lente por falla en fibra de luz e imagen producto de aplastamiento en sección flexible,,OK
033-19,2019,Urgencia,Fresenius Kabi,Bomba de Infusión,019181 / 22927710,04-09-2019,,,??,,
034-19,2019,UCE,,Monitor Multiparámetros,102879,04-09-2019,,,Pantalla touch defectuosa,,OK
035-19,2019,Pabellón,Fresenius Kabi,Módulo dps orchestra,082381 / 20646137,11-09-2019,,,Equipo no enciende,,
036-19,2019,Pabellón,RUDOLF,Control Inalámbrico - Cargador de batería,100000721 / 000010313,01-10-2019,,,No carga batería y el cargador se envía para revisión en garantía,,
037-19,2019,Pabellón,RUDOLF,Control Inalámbrico,101687208,01-10-2019,,,No carga batería,,OK
038-19,2019,Endoscopia,,Videopanendoscopio ,2G374K420,02-10-2019,,,Manchas en la imagen,,OK
039-19,2019,Obstetricia y ginecología,,Screening Auditivo,926308,08-10-2019,,,No toma etomiciones,,OK
040-19,2019,Endoscopia,ZEPEDA,Videocolonoscopio,1C667K065,25-11-2019,,,Grietas en zona de inserción,,OK
041-19,2019,Endoscopia,ZEPEDA,Videopanendoscopio,2G374K419,25-11-2019,,,Manchas e imagen,,OK
042-19,2019,Pabellón,,Generador de Electrocirugía,F6K50461A,25-11-2019,,,Durante mantenimiento preventvo se detecto múltiples fallas,,OK
001-20,2020,CDT,,Grabadora holter de presión,293.07716,10-01-2020,,,Patalla quebrada,,OK
002-20,2020,EEMM e Ing. Clínica,PITEC,03 Placas electrónicas de refrigerador,NA,30-01-2020,,,Enviado a servicio técnico especializado para reparación,,OK
003-20,2020,Otorrinolaringología,,Impedanciómetro,3006845,10-02-2020,,,Equipo debe ser evaluado en servicio técnico,,OK
004-20,2020,Medicina nuclear,,02 Detectores de radiaciones ionizantes,25918 y 4011,10-02-2020,,,Equipos requieren calibración estandarizadora,,OK
005-20,2020,Endoscopia,ZEPEDA,Broncoscopio Adulto,1B083K206,06-03-2020,,,Pierde hermeticidad al realizar angulación del extremo distal ,,OK
006-20,2020,Pabellón,REICH,Óptica 30º,122C4K,10-03-2020,,,"Equipo en garantía , presenta 2 manchas en su imagen",,OK
007-20,2020,Pabellón,SYNTHES,Adaptador de sierra,3038,19-03-2020,,,"Trabada, debe ser evaluada por servicio técnico",,OK
008-20,2020,Para paciente Lyhan Acuña,,Bomba de nutrición enteral,23522042,16-04-2020,,,Equipo en comodato que se facilitará al paciente para uso en tratamiento domiciliario,,
009-20,2020,Endoscopia,ZEPEDA,2 Videoduodenoscopio,2D103L228 / 2D103L227,22-04-2020,,,Manchas oscuras en la càmara y aplastamiento del equipo,,OK
010-20,2020,Pabellón,Johnson & Johnson,Pieza de motor Nº4 (drill),100909,08-05-2020,,,No ancla al motor IT-164-20,,OK
011-20,2020,NULA,NULA,NULA,41509601,NULA,,,NULA,,OK
011-20.,2020,Laboratorio,Grupo Bios,Centrífuga de tubos,40917842,27-05-2020,,,"Error E-24, producto de corte de sumoinistro eléctrico",,
012-20,2020,Pabellón Amb. / Central,Drager,3 Módulos Scio Four,ASLK-6046 / ASLK-6048 / ASDA-0021,20-05-2020,,,Requiere actualización software TSB250 en garantía y problemas en mediciónde capnografía,,OK
013-20,2020,Endoscopia,ZEPEDA,1 Videopanendoscopio,2G374K373,04-06-2020,,,Se reportó empañamiento,,
014-20,2020,Imagenología,Smartvision,Inyectora,60727838 200748,18-06-2020,,,Equipo siniestrado por falla eléctrica,,OK
015-20,2020,UCPP,Andover,Monitor Multiparámetros,DE-62221599,22-06-2020,,,Pantalla se fue a negro,,Equipo llegó el 22/10/2020
016-20,2020,Endoscopia,ZEPEDA,Videopanendoscopio pediátrico,2G374K420,23-06-2020,,,Nubosidad en la visual de la cámara,,OK
017-20,2020,Ginecología,ZEPEDA,Monitor Cardiofetl,M011017,23-06-2020,,,Equipo prestado en comodato atención primaria,,OK
018-20,2020,Pabellón Central,Drager,"Máquina A., MM, M. Drager, Vapor 3000 y 3000D","ASEA-022, 324517025, ASEA1107 / ASDN-0369",26-06-2020,,,"Equipos con fallas, debe ser evaluado por técnico especializado",,
019-20,2020,Endoscopia,ZEPEDA,Videopanendoscopio,1G349K108,15-07-2020,,,"Fuga, no pasaba la prueba de hermeticidad",,OK
020-20,2020,Pabellón,Rudolf,Control remoto inalámbrico,10000074,23-07-2020,,,"Equipo presenta desperfecto en su uso, se ecuentra en garantía",,
021-20,2020,EEMM e Ing. Clínica,TDM,Equipos Fluke,Varios,23-07-2020,,,Se envían para calibración,,
022-20,2020,Endoscopia,ZEPEDA,Videocolonoscopio,1C654K487,23-07-2020,,,Falla en mando direccional,,OK
023-20,2020,Endoscopia,ENDOS,Videocolonoscopio,1C667K065,05-08-2020,,,Mancha en su imagen,,OK
024-20,2020,UCPP,IMEDICA,Ventilador mecánico,1443,11-09-2020,,,Equipo sufre caída,,
025-20,2020,UPC,REICH,Video Fibroscopio,66328,14-09-2020,,,Equipo tiene atascado cepillo de limpieza en el canal de trabajo,,
026-20,2020,Oftalmología,Hospital de Chañaral,Varios,Varios,28-09-2020,,,Equipos se trasladan al Hospital de Chañaral para el operativo oftalmológico,,OK
026-20,2020,NA,NA,6 Equipos Oftalmológicas,Varios,28-09-2020,,,Equipos se trasladan al Hospital de Chañaral para el operativo oftalmológico,,
027-20,2020,UCI,Clínica RCR Atacama,Ventilador Mecánica,1347,09-10-2020,,,Equipo se entrega en buenas condiciones con sus accesorios,,
028-20,2020,Medicina Nuclear,Comisión Chilena de E.N,Detector de radiaciones ionizantes,PF009319,04-11-2020,,,Equipo requiere calibración,,
029-20,2020,Pabellón Central - Ambulatorio,Drager,M. Anestesia/M.M Consola/ M. Drager/ Vapor 3000D,VARIOS,15-12-2020,,,VARIOS,,
030-20,2020,UCPP,IMEDICA,Ventilador Mecánico,2547,23-12-2020,,,Equipo con pantalla dañada,,
001-21,2021,GES,GAES,Screening Auditivo,926308,28-01-2021,,,Presenta desperfectos técnicos,,OK
002-21,2021,Poli Urología,Olympus,Cistoscopio,2351691,08-02-2021,,,Presenta desperfectos técnicos,,
003-21,2021,UCE,Arquimed,Monitor Multiparámetros,KQ-04039057,11-02-2021,,,Desperfectos técnicos. Placa de conexión de sensores está movida y las conexiones internas se dañaron,,Equipo llegó 03-03-2021
004-21,2021,Pabellón,Synthes,Acople rápido de motor synthes,6560,22-02-2021,,,Presenta fallas en el acople rápido,,OK
005-21,2021,Endoscopia,ENDOS,Videocolonoscopio,1C559A004,23-03-2021,,,,,
006-21,2021,Poli Urología,REICH,Óptica 0°,27005AA,25-03-2021,,,Desperfectos en la imagen. ,,OK
007-21,2021,Equipos Médicos,Hemisur,Ventilador Mecánico Invasivo,VG70(E)XZZU9263,01-04-2021,,,Presenta mal funcionamiento en sensor de flujo,,
008-21,2021,Neurocirugía,Helico,Motor midas,NA,06-04-2021,,,"Presenta mal funcionamiento en manguera, se infla y fresa no gira",,
009-21,2021,Endoscopia,Endos,Colonoscopio,1C667K065,06-05-2021,,,"Falla en sección flexible, equipo insufla, irriga, aspira y tiene buena iluminación. Problemas angulación.",,OK
010-21,2021,UPC,Imédica,Base Humidificadora,19560,13-05-2021,,,Conector de circuito corrugado sulfateado.,,
011-21,2021,UCE,SmartMedical,CNAF,302010004200407026,14-05-2021,,,"Presenta fallas en la pántalla, no enciende.",,
012-21,2021,Esterilización,REICH,Óptica Artroscopia - Setde Artroscopia,28731 - 39360B,18-05-2021,,,Se envía para reparación,,
013-21,2021,Esterilización,REICH,Hoja de Videolaringoscopio,PP479773,20-05-2021,,,Conecta intermitentemente,,
014-21,2021,UCE,Arquimed,2 Monitores Multiparámetros,KQ-04039090 / KQ-04039057,25-05-2021,,,Desperfectos ,,
015-21,2021,Poli Urología,ATM,01 Pinzas flexibles y 01 Óptica 30°,Cod. 828.05 / 5000253792,07-06-2021,,,Pinzas dañadas / Imagen borrosa,,
016-21,2021,Poli Urología,REICH,01 Pinzas flexibles,27034 FL,07-06-2021,,,"Pinzas permanecen abiertas, no cierran",,
017-21,2021,Poli Clínico Urología,REICH,Fibra Óptica,495 NL,08-06-2021,,,Visión Opaca,,despachado a hospital
018-21,2021,Poli Clínico Urología,ATM,Óptica 25º,453173,08-06-2021,,,Imagen borrosa y opaca - Canastillo de traslado,,despachado a hospital
019-21,2021,Pabellón Central,REICH,Cámara de Videolaparoscopía,WS984225-H,14-06-2021,,,No se detecta señal de la cámara - sin accesorios,,
020-21,2021,Pabellón Central,Medtronic,02 Electrobisturí ,S2F05210AX / F6K50446A,17-06-2021,Cerrado,,Error 160 / Eeror de coagulación.,,OK. Entregado a Pabellón Central
021-21,2021,Endoscopia,Endos,Videocolonoscopio,1C654K487,17-06-2021,,,Canal de irrigación obstruido.,,OK
022-21,2021,Pabellón,Drager,Capnógrafo,ASDA-0020,22-06-2021,,,Equipo no mide correctamente los parámetros,,
023-21,2021,UCE,Arquimed,Monitor Multiparámetros,KQ-04039639,23-06-2021,,,Módulo de parámetros dañado.,,29-12-2021/ recibido sin reparación
024-21,2021,EEMM,TDM,Equipos FLUKE,VARIOS,02-07-2021,,,Se envían para calibración y mantenimento preventivo anual,,
025-21,2021,UPC,Imédica,2 Base Humidificadora,19567 - 19561,05-05-2021,,,Conectores malos,,OK Entregado a UPC
026-21,2021,UPC,Imédica,01 Ventilador Mecánico,5537,05-05-2021,,,Falla en la tarjeta madre,,
027-21,2021,Policlínico Urología,ATM,Óptica 25º,453173,26-07-2021,,,Imagen borrosa y opaca ,,
028-21,2021,Pabellón Central,Synthes,01 cabezal acople rapido y 01 cabezal motor synthes,10054 / 5357,05-08-2021,,,Fijación suelta / Defectuoso,,OK. Entregado a Pabellón Central
029-21,2021,Pabellón Central y Uro,Reich,Resectoscopio Bipolar ,27040EB,05-08-2021,,,Perdio alineación,,
030-21,2021,Policlínico Urología,Reich,01 Pinzas flexibles y 01 fibra óptica,27034 FL / 495 NL,06-08-2021,,,Pizas permanecen abiertas no cierran y Fibra óptica visión opaca,,
031-21,2021,Procuramiento,Puig Ingeniería,Discador,201910310076,09-08-2021,,,No realiza los llamados,,
032-21,2021,UTIC,Arquimed,Monitor Multiparámetros,KQ-04039086,12-08-2021,,,Presenta falla intermitente en tarjeta de red,,OK Entregado a UTIC
033-21,2021,UCE,Arquimed,Monitor Multiparámetros,KQ-04039008,12-08-2021,,,Falla en presión no invasiva,,OK Entregado a UCE
034-21,2021,Pabellón,Arquimed,Monitor Multiparámetros,KQ-04039700,12-08-2021,,,Falla en presión no invasiva,,OK. Entregado a Pabellón AE-037-22
035-21,2021,UCA,Fresenius Kabi,03 Bombas enteral,22893054 / 22717456 / 22717395,16-08-2021,,,Mal funcionamiento. ,,OK. Entregado a UCA
036-21,2021,Pabellón Central,PV Equip,01 Calentador de pacientes,102263,31-08-2021,,,Presenta fallas en el sensor de temperatura,,OK. Entregado a Pabellón
037-21,2021,UCE,Arquimed,Monitor Multiparámetros,KQ-04039094,22-09-2021,,,Falla en bomba de presión - Sin accesorios,,OK. Entregado a UCE
038-21,2021,UPC,REICH,Videofibrobroncoscopio,11302 BDX,24-09-2021,,,Canal de trabajo obstruido - Se envía con maletín de transporte,,OK. Entregado a UPC AE-013-22
039-21,2021,CDT Endoscopia - CDT Otorrino,TDM,Monitor de Signos Vitales,G1119259 - G1119264,27-09-2021,,,Se les realizó el mantenimiento preventivo pendiente,,OK. Entregado a CDT 
040-21,2021,Pabellón Central,Hospital Provincial de Huasco,Videoduodenoscopio,2D103L227,28-09-2021,,,Préstamo de equipo al hospital de Huasco,,
041-21,2021,Endoscopia,Endos,Videocolonoscopio,1C667K065,05-10-2021,,,Corte mando menor,,OK. Entregado a Endoscopia 
042-21,2021,Endoscopia,Endos,Videocolonoscopio,1C654K487,05-10-2021,,,Imagen manchada,,OK. Entregado a Endoscopia 
043-21,2021,Neonatología,PM consulting,Ventilador Neonatal,55185,06-10-2021,,,Falla de válvulas de alta frecuencia,,OK. Entregado a Neonatología
044-21,2021,Poli Otorrino,REICH,Nasolaringoscopio,2841918,12-10-2021,,,Visión defectuosa y lente suelto.,,
045-21,2021,UPC,Endos,Fibrobroncoscopio,RB042A087,03-11-2021,No reparado,,Extremo distal dañado,AE-081-23,Entregado UPC
046-21,2021,Policlínico Oftalmologia,Oftomed S.A,Tonómetro,2509T3,03-11-2021,Cerrado,,Batería fallando,AE-270-23,
047-21,2021,Pabellón Central,REICH,Pinza Robi Kelly,NA,09-11-2021,,,No funciona incluso aplicando máxima potencia y efecto,,
048-21,2021,Endoscopia,Endos,01 Colonoscopio / 01 Fibrobroncoscopio,1C667K065 / 1B085K173,24-11-2021,Cerrado,,Fallas en mando menor / No pasa prueba de hermeticidad,,AE-157-21 / AE-123-23
049-21,2021,Pabellón Central,PVEQUIP,Calentador de pacientes ,102268,07-12-2021,,,Manguera con fisura,,
001-22,2022,Pabellón Central,Drager,01 Isoflurane / 01 Capnógrafo / 02 Monitores Multiparámetros ,ASDB-0122 / ASDA-0021 / 6005402283 / 6004514369,03-01-2022,Cerrado,,Equipos no fueron encontrados en la fecha que se realizó MP,AE-002-22,
002-22,2022,Pabellón Central,Rudolf,01 Piernera,406167,27-01-2022,Cerrado,,Fijación suelta,AE-021-22,
003-22,2022,Medicina Nuclear,,geiger muller,,,,,,,
004-22,2022,Pabellón Quirúrgico Central,Endos,Videoduodenoscopio,SN 2D103L228,22-02-2022,Cerrado,,Endoscopio con mordedura,,
005-22,2022,UCE,Arquimed,02 Monitores Multiparámetros,KQ-04039767 / KQ-04039639,28-02-2022,Cerrado,,Módulos suelto,,OK llego KQ-04039767 Entregado a UTIC
006-22,2022,Policlínico Otorrino,Reich,Nasolaringoscopio,2841918,02-03-2022,Cerrado,,Visión defectuosa y lente suelto,,
007-22,2022,Pabellón Central,Drager,Capnógrafo,ASLK-6048,04-03-2022,,,No recibe datos,,
008-22,2022,P,E,N,D,I,,,E,,N
009-22,2022,UCE,Arquimed,Monitor multiparámetros,KQ-04039628,18-03-2022,Enviado a ST,,Problemas con el adapatador P1,,
010-22,2022,Pabellón Quirúrgico Central,Fresenius Kabi,02 Bombas de medicamentos / 01 Monitor,23614166 / 21031966 / 082018-040085,18-03-2022,Cerrado,,No encienden / Cables internos de energía en mal estado,AE-029-22 / AE-039-22,Comodato
011-22,2022,Neurología,Hospitalia,Bomba de compresión neumática,V1641560SX,21-03-2022,Cerrado,,Código de error en la pantalla ,AE-024-22,
012-22,2022,Laboratorio,Galenica,Objetivo,GS1-128,22-03-2022,,,No muestra una buena visualización,,
013-22,2022,Pabellón Central,Rudolf,Control mesa quirúrgica,100000744,11-04-2022,Cerrado,,Problema de fábrica,AE-032-22,
014-22,2022,Pabellón Ambulatorio,Rudolf,Control mesa quirúrgica,100000725,11-04-2022,Cerrado,,Problema de fábrica,AE-031-22,
015-22,2022,UCE,Arquimed,Monitor,KQ-04039702,20-04-2022,Cerrado,,Bomba de presión no invasiva mala,AE-070-22,
016-22,2022,Otorrino,GAES,Auricular Audiométrico (Fonos de copa),912914,04-05-2022,Cerrado,,Evaluación y reparación,AE-042-22,
017-22,2022,PQC,Reich,01 Óptica 30° / 01 Insuflador (torre 2 ),1225 ME / WR24811,09-05-2022,,,Devolución comodato / Problema en la detencción de CO2,,
018-22,2022,Endoscopia,Endos,Videoduodenoscopio,1D102K536,16-05-2022,Cerrado,,Mando mayor suelto,AE-060-22,
019-22,2022,Urgencia Obstétrica,Hoser,Transductor transvaginal,505138WX8,15-06-2022,Cerrado,,Goma protectora de cristales suelta,AE-057-22,
020-22,2022,PQC,Endos,02 Videoduodenoscopio,2D103L228 / 2D103L227,01-07-2022,Cerrado,,Imagen presenta fallas y funda protectora de la cámara esta visiblemente dañada / No pasa prueba de hermeticidad,AE-089-22,
021-22,2022,"Unidad de Cuidados Medios, Medicina Sur",Arquimed,01 Monitor de pacientes,KQ-04039750,06-07-2022,,,Módulo de conexión dañado,,
022-22,2022,UMT,Tecnigen,01 Centrífuga,314,06-07-2022,Cerrado,,Rodamientos se encuentran defewctuosos y el eje principal con problemas,AE-122-22,
023-22,2022,PQC,Synthes,Motor Synthes,Smiss 006717 / 05001227 / 007566,07-07-2022,,,Uno de los botones no cumple su función ,,
024-22,2022,PQC,Drager,01 Capnógrafo,ARXN-0051,11-07-2022,Cerrado,,,AE-079-22,
025-22,2022,PQC,Drager,01 Módulo de celda O2,4111906F W311101803,11-07-2022,,,Error de calibración del sensor de O2,,
026-22,2022,PQC,Drager,01 Módulo de celda O2,4111906E W460600426,13-07-2022,,,Error de calibración del sensor de O2,,
027-22,2022,PQC,Alpes Laboratories,01 Piernera,406657,14-07-2022,Cerrado,696615168900,La fijación de piernera queda inestable,AE-094-22,
028-22,2022,PQC,PV Equip,02 Calentdores de pacientes,102267 / 102263,21-07-2022,Cerrado,,Ambos equipos con problemas en el sensor de heater,AE-087-22 (SN 102263) / AE-119-22 (SN102267),AE-119-22 (SN102267)
029-22,2022,PQC,Synthes,01 Pieza de mano mator synthes  // 01 Pieza Drill,012897 // 100141,27-07-2022,Cerrado,,No funciona reversa // Acople incompleto,AE-098-22 / AE-052-23,
030-22,2022,Otorrinolaringología,GAES,Screener auditivo TITAN ABRIS 440 BERA,926308,16-08-2022,Cerrado,696615150243,Cargador malo y calibración equipo,AE-110-22,
031-22,2022,UPC,Reich,02 Hoja de videolaringoscopio,WR28744 // PP47973,16-08-2022,No reparado,696615274272,"Problema con la cámara // Ventana de lente dañado, ventana de Led dañada. Cotización N:1003805",,"Llegaron sin ser reparados, ubicado en Taller EEMM"
032-22,2022,PQC,Bbraun,01 Dermatomo,2618,17-08-2022,Cerrado,696615395103,Esta malo su interruptor ,AE-004-23,
033-22,2022,Medicina Nuclear,Pitec,02 Tarjetas Controladoras,6039 // Sin información ,18-08-2022,,Sin registro,Maqlo LED de motor // Problemas con circuitos de la placa,,
034-22,2022,Urgencia Obstétrica,Hoser Ingeniería,01 Ecotomógrafo,525099WX8,22-08-2022,,696615786823,"Problemas con el disco duro, se envía sin transductores y sin pantalla",,
035-22,2022,UCA,Fresenius Kabi,02 Bombas de Alimentación,23522048 // 23406436,22/08/2022,Cerrado,696615786812,Pantalla mala // o informado,AE-101-22,
036-22,2022,PQC,Alpes Laboratories,01 Soporte silla de playa,A339797,02-09-2022,,696616847975,Pieza faltante de equipo enviado,,
037-22,2022,Cardiología 4to piso,Arquimed,01 Monitor Multiparámetros,KQ-04039576,13-09-2022,Cotización Recibida,696617778916,No detecta saturometro y no satura,,
038-22,2022,PQC,Fresenius Kabi,01 Bomba de anestesia,082381 // 21035061,15-09-2022,Cerrado,696617850390,Problemas con el botón de encendido,,
039-22,2022,Oncología,MedTec,01 Bomba de infusión portátil,429230,05-10-2022,Cerrado,696621130321,Acusa alta presión en línea,AE-109-22,
040-22,2022,UPC,Endos,01 Fibrobroncoscopio,1B044K011,13-10-2022,No reparado,696622824645,Presenta abolladuras,AE-081-23,Entregado a UPC
041-22,2022,Neonatología,Fresenius Kabi,01 Bomba de Jeringa,018180 / 22326606,08-11-2022,Cerrado,696624301391,Presenta fallas en su funcionamiento,AE-250-23,
042-22,2022,UCI,Imédica,01 Ventilador Mecánico,1154,10-11-2022,Cerrado,,"Problemas de actualización de software (Reparación en garantía, retira Robinson Sanhueza)",AE-154-23,
043-22,2022,Urgencia,Andover,01 Monitor Multiparámetros,CN54507116,14-11-2022,No reparado,696624886296,Presenta problmeas con interfaz ECG,,
044-22,2022,PQC,Rudolf,05 HOOK,NA,22-11-2022,,696625450091,Presentan fallas poniendo en riesgo a los pacientes,,
045-22,2022,UTI 4to piso,Mindray,01 Monitor Multiparámetros,KQ-04039741,05-11-2022,Enviado a ST,,Se rompe entrada Ethernet,,
046-22,2022,PQC,Rudolf,01 Control de mesa quirúrgica,Ilegible,16-11-2022,,,No enciende,,
047-22,2022,Otorrino,GAES,01 Otoemisor (Screening Auditivo),96308,21-12-2022,Cerrado,,Calibración ,AE-047-23,
048-22,2022,PQC,REICH,01 Unidrive / 01 Bomba,WS 3523 / SS201,26-12-2022,Cerrado,,Se envía para su evaluación y reparación,,
001-23,2023,Imagenología,Smartvision,01 Sistema inyectora medios de contrastes,200605,23-01-2023,Cerrado,16004289836 - 16004289825,"Se envía para su reparación según trabajo ya realizado en terreno, según OT 4731 y 4732 emitidas por el proveedor",,
002-23,2023,PQC,Endos,01 Videoduodenoscopio,2D103L228,02-02-2023,Cerrado,696631631780,Equipo no funciona correctamente,AE-164-23,
003-23,2023,UPC,Reich,01 Fibrobroncoscopio,66328,02-02-2023,Cerrado,696631631791,No pasó la prueba de hermeticidad,AE-202-23,OK. Reparado
004-23,2023,Otorrino,GAES,01 Equipo Clínico de Potenciales Evocados Auditivos de Tronco Cerebral,934416,06-02-2023,Cerrado,696631756881,"Se envía para revisión del equipo, mantención y calibración preventiva",AE-251-23,
005-23,2023,PQC,SurMedical SpA,01 Video Ureteroscopio,2352792,09-02-2023,Cerrado,696632264285,No paso prueba de hermeticidad,AE-089-23,
006-23,2023,PQC,Medtronic,01 Electrobisturí,F6K50461A,15-02-2023,Cerrado,696633162131,Error 190.,AE-076-23,
007-23,2023,PQC,B Braun,01 Dermatomo / 01 Cragador de batería,GA670 / GA677,23-02-2023,Cerrado,696633266711 / 696633266722,No carga batería,AE-071-23,"Queda pendiente la entrega de baterías las cuales fueron adquiridas mediante SEM-029-23, OC N°1554-769-SE23 del 03-04-2023."
008-23,2023,Poli Urología,SurMedical SpA,01 Cabezal de cámara cistoscopia,7355107,02-03-2023,Cerrado,Retira Sr. Eric Tranol,Retira el representante de SurMedical Sr. Eric Tranol.,NA,
009-23,2023,PQC,Reich,01 Unidrive SIII ENT,WS 3523,10-03-2023,Cerrado,696634643003,Falla en la bomba de irrigación ,AE-037-23 / AE-038-23,
010-23,2023,UCE,Arquimed,06 Monitores Multiparámetros,KQ-04039741 / KQ-04039576 / KQ-04039750 / KQ-04039628 / KQ-04039057 / KQ-04039639.,16-03-2023,Enviado a ST,696636345974 / 696636345963 / 696636345952 / 696636345941 / 696636345930 / 696636345926,...,,
011-23,2023,Pabellón ambulatorio,NSK,02 PIezas de mano,0BG30146 / 0BGX0036,20-03-2023,Cerrado,696636471450,,AE-079-23,Equipos reemplazados por nuevos
012-23,2023,UPC,Andover,01 Monitor Multiparámetros de transporte,DE69481922,21-03-2023,No reparado,696636471646,Mantenimiento,NA,Se vuelve a enviar a ST
013-23,2023,Poli Neuro,Arquimed,01 Electroencefalograma,4252,21-03-2023,No reparado,,Virus en CPU,,
014-23,2023,PQC,SurMedical SpA,01 Videuteroscopio(1),2453449,23-03-2023,Enviado a ST,696636792703,No pasó prueba de hermeticidad,,
015-23,2023,Otorrino,GAES,01 Impedanciómetro clínico,3006845,29-03-2023,Cerrado,696637233526,"Se envía para evaluación, calibración y reparación.",AE-058-23,
016-23,2023,PQC,FAIQ Chile,01 Hoja de videolaringoscopio,WQ41057,03-03-2023,Cerrado,696637456896,Se envía para revisón y reparación correspondiente. Daño fisco. ,AE-063-23,
017-23,2023,PQC,Hopistal Provincial del Huasco,01 Dermatomo,2-11195,03-04-2023,Cerrado,Traslado a cargado de SDO,Devolución de equipo en calidad de préstamos desde el HPH.,NA,
018-23,2023,PQC,PV Equip,01 Modulo + cabale de paciente,6028503,04-04-2023,Cerrado,Retira Ej. de ventas Sra. Cecilia Pinto Rogers,Equipo en comodato,AE-062-23,
019-23,2023,Esterilización,SurMedical SpA,01 Resectoscopio,17777,04-04-2023,Cerrado,Retira Supervisor de post venta Sr. Juan Villalobos Plaza,Equipo en garantía,AE-083-23,Entregado a Esterilización
020-23,2023,PQC,Endos,01 Videoureteroscopio,2352792,14-04-2023,No reparado,696639209976,,AE-089-23,Entregado a PQC
021-23,2023,Otorrino,GAES,(CORREGIDO CS N°22),928308,17-04-2023,Cerrado,696639338986,Se envía para su evalución en garantía por última reparación efectuada,AE-065-23,
022-23,2023,Otorrino,GAES,01 Otoemisor TITAN,928308,17-04-2023,Cerrado,696639338986,Se envía para su evalución en garantía por última reparación efectuada,AE-065-23,
023-23,2023,UTI,Arquimed,01 Monitor Multiparámetros,KQ-04039731,24-04-2023,Cerrado,696640259416,Conector de red dañado,AE-207-23,
024-23,2023,Devolución ,Rudolf,08 HOOK,04 HOOK LP320-312 / 04 HOOK LP320-062C,25-04-2023,Cerrado,696640374920,Devolución de HOOK,NA,
025-23,2023,PQC,Reich,01 Motor cable storz,20711033,28-04-2023,Cerrado,696640703264,Porta fresa con seguro trabado // Se vuelve a enviar,,
026-23,2023,PQC,Drager,01 Monitor Multiparámetros,6004516866,08-05-2023,Cerrado,,No enciende,AE-233-23,Operativo
027-23,2023,PQC,Hopistal Provincial del Huasco,01 Dermátomo,2-11195,12-05-2023,Cerrado,Traslado a cargdo de SDO,Devolución de equipo en calidad de préstamos desde el HPH.,NA,
028-23,2023,Devolución ,Rudolf,04 HOOK,REF. LP320-062C,15-05-2023,Enviado a ST,696641887900,Devolución de HOOK,NA,
029-23,2023,Poli Otorrino,Reich,01 Rinofaringoscopio,2857185,24-05-2023,Cerrado,696642543973,Equipo en garantía presenta manchas en la imagen,AE-125-23,Entregado a esterilización
030-23,2023,Endoscopia,Endos,01 Videoduodenoscopio,2D103L227,24-05-2023,Cerrado,696642543962,Engranaje de movimiento de manguera con problemas.,AE-133-23,OK. Reparado 
031-23,2023,Poli Neuro,Blue Medical,01 Electroencefalografo,4252,25-05-2023,Cerrado,696642740931,Virus en CPU,,
032-23,2023,UMT,Incardia,01 Analizador de hemoglobina,13TS2788,29-05-2023,Enviado a ST,696642970741,Equipo en comodato,,
033-23,2023,UPC,Reich,01 Videofibrobroncoscopio,66328,22-06-2023,Cerrado,696644806642,Canal de trabajo obstruido. Modelo 11302BDX,AE-202-23,OK. Reparado
034-23,2023,Medicina Nuclear,LMRI,01 Detector de radiación ambiental tipo G.M,PF009319,27-06-2023,Cerrado,696645136913,Calibración estandarizadora,,
035-23,2023,PQC,Reich,Microdebridador,,03-07-2023,Enviado a ST,696645496794 / 696645496805,"Revisión integral del equipo, fallas de funcionamiento.",,
036-23,2023,Urgencia,Andover,01 Monitor de pacientes,CN54507116,04-07-2023,Cerrado,,Presenta problemas de interfaz ECG,AE-265-23,
037-23,2023,PQC,SurMedical SpA,01 Resectoscopio,,,Enviado a ST,696645815983,,,
038-23,2023,PQC,Hospital San Pablo de Coquimbo,01 Set clip vascular laparoscopia,NA,10-07-2023,Cerrado,,Devolución de equipo a Hospital de coquimbo,,
039-23,2023,EEMM,TDM,Equipos FLUKE y llaves,NA,20-07-2023,Enviado a ST,696646814640 / 696646814920,Revisión y mantenimiento ,,
040-23,2023,Endoscopia,Endos,Videobroncoscopio adulto,1B083K206,27-07-2023,Cerrado,696647524974,No pasa prueba de hermeticidad,AE-261-23,Entregado a Endoscopia Operativo
041-23,2023,EEMM,TDM,Notebook,42656463794 / JLGK242,01-08-2023,Enviado a ST,696647745242,Mantenimiento,,
042-23,2023,Neonatología,Fresenius Kabi,01 Bomba de Jeringa,018080 / 21542044,21-08-2023,Cerrado,696649234083,No pasa mantenimiento ,AE-259-23,
043-23,2023,Urología,Fresenius Kabi,01 Bomba de Infusión,25085897,21-08-2023,Cerrado,696649234094,No pasa mantenimiento ,AE-246-23,Reparado
044-23,2023,Cirugía,Fresenius Kabi,01 Bomba de Infusión,25085900,21-08-2023,Cerrado,696649246226,No pasa mantenimiento ,AE-247-23,Reparado
045-23,2023,Medicina,Fresenius Kabi,01 Bomba de Infusión,25085913,22-08-2023,Enviado a ST,696649234105,No pasa mantenimiento ,,
046-23,2023,PQA,Megalabs,01 Pieza de mano de Focoemulsificador,10347,23-08-2023,Cerrado,696649433141,Conector suelto,AE-186-23,Pieza de mano por cambio en garantía SN 10013
047-23,2023,Medicina,Fresenius Kabi,01 Bomba de Infusión,019181 / 22927758,22-08-2023,Enviado a ST,696649234116,Batería mala,,
048-23,2023,UQA,Medicina Ténica,01 Bomba de Infusión Ambulatoria,430054,23-08-2023,No reparado,696649246230,Error 1836,AE-193-23,Envian nueva bomba en comodato SN: 431108
049-23,2023,Endoscopia,Endos,01 Videobroncoscopio,1B090K015,23-08-2023,Enviado a ST,696649333111,Se hace devolución de equipo por sistema de angulación defectuoso.,,
050-23,2023,Urgencia,Fresenius Kabi,01 Bomba de infusión,019181 / 22927702,24-08-2023,Enviado a ST,696649433152,Teclado malo,,
051-23,2023,UCI,Fresenius Kabi,01 Bomba de infusión,019181 / 22927711,24-08-2023,Enviado a ST,696649433163,Batería mala,,
052-23,2023,PQC,Medtronic,01 Electrobisturi,F6D60421A,30-08-2023,Enviado a ST,696649866043,Prende de forma Intermitente,,
053-23,2023,EEMM,Cencomex,04 Cables de Presión Invasiva,NA,30-08-2023,Enviado a ST,696649866032,Devolución ,,
054-23,2023,PQC,SurMedical SpA,01 Óptica 30°,817508,31-08-2023,No reparado,Envio Directo con el Sr. Juan Carlos Villalobos,Imgen dañada,AE-249-23,
055-23,2023,PQC,Reich,01 Pieza de mano Shaver Artroscopia,VR 5179,07-09-2023,Cerrado,,Elemento suelto,AE-236-23,Reparado
056-23,2023,PQC,Reich,01 Fibro,92710,21-09-2023,Enviado a ST,696651243481,Manguera dañada,,
057-23,2023,PQC,Johnson y Johnson,01 Módulo de poder PRS,20972,02-10-2023,Cerrado,Retira Chibra,No carga,AE-238-23,NO REPARADO
058-23,2023,Endoscopia,Endos,01 Videopanendoscopio,9G391K273,03-10-2023,Cerrado,696652455052,Equipo presenta mordedura,AE-007-24,Operativo
059-23,2023,EEMM,Reich,01 Pieza de mano artroscopia,ZS4096,04-10-2023,,,Devolución de equipo a REICH,,
060-23,2023,PQC,johnson y Johnson,01 Pieza de mano de módulo TRS,7382,16-10-2023,Cerrado,Retira Chibra,No realiza giro al insertar el módulo,AE-016-24,
061-23,2023,UCA,Fresenius Kabi,01 Bomba de alimentación,25328758,17-10-2023,Cerrado,Retira FEDEX,Arroja error,AE-269-23,
062-23,2023,PQC,PV Equip,01 Root Sedline + Módulo + Carro de transporte,2000142183,31-10-2023,Enviado a ST,Retira FEDEX,Se acabo convenio en comodato.,,
063-23,2023,Medicina Nuclear,LMRI,01 Detector Inspector USB,40011,09-11-2023,Cerrado,Traslado a través de Sr. Blas Gómez,Corresponde calibración,,
064-23,2023,UTI,Arquimed,01 Monitor Multiparámetros Alta Complejidad,F5-04017525,14-11-2023,Cerrado,696654951963,Problemas con la tarjeta de red,AE-258-23,
065-23,2023,Laboratorio,Tecnigen,01 Centrífuga,314,14-11-2023,Cerrado,696654951952,Problemas con la RPM del motor y falla conector de acople rápido de la manguera de desague,AE-066-24,Equipo reparado
066-23,2023,PQC,Fresenius Kabi,02 Módulos y 01 Base primea,21035062 / 23408564 / 21031966,20-11-2023,Cerrado,696655298253,Evaluar estado y si pueden ser utilizados,AE-268-23,
067-23,2023,Policlínico Otorrino,Audiomedical,Equipo BERA clínico,934416,21-11-2023,Cerrado,696655485201,Instalación de software y calibración,AE-251-23,
068-23,2023,PQC,johnson y Johnson,01 Módulo de poder PRS,28352,29-11-2023,Cerrado,696658153612,No carga,AE-051-24,NO OPERATIVO
069-23,2023,UPC,Andover,01 Monitor Multiparámetros de transporte,DE69481922,18-12-2023,Cerrado,696658153645,Eq. Operativo,AE-043-24,
070-23,2023,Endoscopia,Endos,01 Videoduodenoscopio,2D103L228,21-12-2023,Cerrado,696657877856,MP por convenio,AE-002-24,
071-23,2023,Endoscopia,Endos,01 Videocolonoscopio,1C667K065,21-12-2023,Cerrado,696657877882,Golpe en la cámara,AE-049-24,Equipo reparado
072-23,2023,PQC,SurMedical SpA,01 óptica 30°,817495,26-12-2023,Enviado a ST,696658153623,Se envía a reparación por GARANTÍA,,
073-23,2023,Medicina Nuclear,OWMED,01 Bomba de jeringa,6002205000070,27-12-2023,Cerrado,696658153634,Se envia a reparación,AE-010-24,
001-24,2024,Urología,Fresenius Kabi,01 Bomba de infusión,25140975,14-01-2024,Cerrado,696659667340,Error,AE-074-24,Reparado
002-24,2024,EEMM,TDM,03 Equipos FLUKE,BF100524 / 60501353 / 3234915,31-01-2024,Cerrado,696662603254,Revisión ,EEMM,
003-24,2024,PQA,Drager,01 Monitor de signos vitales,VTSKM0168,08-02-2024,Cerrado,696664369973,Mantenimiento,AE-023-24,Operativo
004-24,2024,Urgencia,Imedica,01 Ventilador,7712,08-02-2024,Cerrado,696664369984,Soportes interiores de la pantalla rotos y problemas de programación,AE-052-24,Operativo
005-24,2024,UTI,Arquimed,01 Monitor Multipárametros,KQ-04039660,12-02-2024,Cerrado,696664946891,Problemas con tajerta de red,AE-053-24,Operativo
006-24,2024,PQC,Fresenius Kabi,02 Bombas de jeringa + 01 Base Primea SP + 01 Rack,23408543 / 20349714 / 23765239 / 280318-328,19-02-2024,Cerrado,696665624992,Módulos no responden,AE-018-24 / AE-076-24,Reparado
007-24,2024,PQC,Fresenius Kabi,02 Bombas de jeringa + 01 Base Primea SP + 01 Rack,23408541 / 19959237 / 23372992 / 280318-292,19-02-2024,Cerrado,696665625014,Fallo por códigos,AE-018-24,
008-24,2024,Medicina Nuclear,OWMED,01 Bomba de jeringa,917499200517684,21-02-2024,Cerrado,696665727940,Devolución de equipo de respaldo a ST OWMED,NA,
009-24,2024,Medicina Nuclear,OWMED,01 Bomba de jeringa,6002205000070,26-02-2024,Cerrado,696666071986,Se envia para calibración,AE-015-24,
010-24,2024,UQA,Fresenius Kabi,01 Bomba de infusión,019181 / 22927700,27-02-2024,Enviado a ST,696666071990,Batería mala,,
011-24,2024,Traumatología,Fresenius Kabi,02 Bombas de infusión y 01 Bomba de alimentación,25085897 / 25140945 / 25328716,28-02-2024,Cerrado,696666172882,Revisón y reparación,AE-073-24,Falta bomba de alimentación
012-24,2024,Patología Mamaria,ATM,01 Instrumento Automático de Biopsia (pistola de biopsia),16483,01-08-2024,Enviado a ST,696666455166,,,
013-24,2024,Endoscopia,Endos,01 Videocolonoscopio,8C688K106,19-03-2024,Cerrado,696667567783,"presenta desgaste por uso en su fibra óptica y además insuflación débil, imagen y hermeticidad conservadas",AE-030-24,OK. REPARADO
014-24,2024,Cardiología 4to piso,Arquimed,01 Monitor Multiparámetros,KQ-04039767,25-03-2024,Cerrado,,Conector de red defectuoso,AE-048-24,
015-24,2024,Endoscopia,Zepeda,01 Computador de estación de captura,8CC1242GTR,26-03-2024,Cerrado,696668055753,"Monitor quemado, equipo en garantía ",AE-033-24,EQUIPO SE DEVUELVE BAJO LA MISMA CONDICIÓN
016-24,2024,Otorrino,GAES,01 Audiómetro Clínico Tipo 2,937149,27-03-2024,Cerrado,696668156052,"Se envía a ST para reparación, calibración y mantenimiento preventivo de sus componentes.",AE-032-24,OK. REPARADO
017-24,2024,Inmunología,Fresenius Kabi,01 Bomba de infusión,22927769,27-03-2024,Enviado a ST,696668267245,Problemas con el botón de teclado.,,
018-24,2024,PQC,Fresenius Kabi,01 Stimpod.,4501002008 2010.,16-04-2024,Cerrado,FedEX,No reconoce las pilas.,AE-076-24,Reparado
019-24,2024,Otorrino,GAES,01 Equipo de Potenciales Evocados Auditivos de Tronco Cerebral.,934416,14-04-2024,Cerrado,69666956113,"Se envía a ST para revisión, calibración y mantenimiento preventivo de sus componentes.",AE-042-24,Operativo
020-24,2024,EEMM,Fluke,Analizador de seguridad eléctrica,6034119,24-04-2024,Cerrado,NA,Devolución de equipo en prestamo por TDM a HRC,,
021-24,2024,Esterilización,johnson y Johnson,01 Motor Synthes y 01 Cabezal,24765 / 7797,29-04-2024,Cerrado,696670436685,Se envia para revisión y pieza trabada,AE-096-24,
022-24,2024,Medicina,Blue Medical,01 Monitor Multiparámetros,102880,06-05-2024,Enviado a ST,696671048301,Touch no responde,,
023-24,2024,Urgencia,Arquimed,01 Monitor Multiparámetros,KQ-04039701,09-05-2024,Cerrado,696671248755,Equipo resibe golpe en su pantalla,Laboratorio EEMM,Equipor reparado
024-24,2024,Policlínico de Ginecología,Hoser Ingeniería,01 Transductor,223198KR3,29-05-2024,Cerrado,696672590202,Desprendimiento del protector,AE-071-24,Equipor reparado
025-24,2024,UCI,Endos,01 Videofibrobroncoscopio adulto,66328,30-05-2024,Enviado a ST,696672695386,Equipo presenta fuga,,
026-24,2024,PQC,Rudolf,Pierneras,N/A,07-06-2024,Cerrado,696673257991,Se envia de vuelta a Rudolf ya que no son compatibles con el equipo,,
027-24,2024,Endoscopia,Endos,01 Videocolonoscopio,3C496A020,07-06-2024,Cerrado,696673271545,Equipo en Back Up es enviado devuelta a la empresa Endos ,,
028-24,2024,Endoscopia,Endos,01 Videocolono / 01 duodenoscopio,2D103L227/8C688K108,19-06-2024,Cerrado,696674112864,Presentan fallas,AE-085-24 / AE-094-24,Equipo reparados
029-24,2024,PQC,Gliocorp,01 Pedal de motor de craneotomía,BJ36012,28-06-2024,Cerrado,696674873392,,,
030-24,2024,PQC,johnson y Johnson,01 Motor Synthes,7382,02-07-2024,Cerrado,,Pieza trabada,AE-077-24,NO OPERATIVO
031-24,2024,EEMM,TDM,Equipos Fluke,Varios,05-07-2024,Cerrado,696675151351,Calibración y MP anual,NA,
032-24,2024,Endoscopia,Endos,02 Videopanendoscopios,9G391K275 / 9G391K273,11-07-2024,Cerrado,696675632671,Equipos reparados por ST,AE-101-24 / AE-095-24,
033-24,2024,Endoscopia,Endos,01 Videopanendoscopio,9G391K274,15-07-2024,Cerrado,696676258983,Se corto la piola del equipo,AE-009-25,
034-24,2024,Dental,TechBiomedical,01 Tarjeta de sillón dental,3415,29-07-2024,Enviado a ST,696676909434,Tarjeta inoperativa,,
035-24,2024,Neonatología,Blue Medical,01 Monitor multiparámetros,1276,02-08-2024,No reparado,696677105191,Problemas con su pantalla y no enciende,AE-090-25,"NO OPERATIVO, IT PARA BAJA "
036-24,2024,EEMM,TDM,02 Equipos Fluke,5802721 / 4667004,29-08-2024,Cerrado,,Devolución de equipos a TDM,NA,
037-24,2024,Endoscopia,Zepeda,01 PC Zscan,9027-3463-40,25-09-2024,No reparado,696680786826,NA,Equipo no reparado,
038-24,2024,Urgencia,Hoser Ingeniería,01 Ecógrafo portátil,6076901WX0,30-09-2024,Cerrado,696681000901,Pantalla quebrada,AE-067-25,
039-24,2024,Esterilización,SurMedical SpA,01 Resectoscopio Bipolar / 01 Óptica 30°,A22002,04-10-2024,Enviado a ST,696681340482,No funciona / Se ve opaco,,
040-24,2024,Urgencia,Imédica,01 Ventilador Mecánico C1,1383,10-10-2024,Cerrado,Traslado directo por el Sr. Ruben Sanhueza,Falta conector de baja presión de O2,AE-098-25,
041-24,2024,PQC,Gliocorp,01 Consola + pedal y 01 Pieza de mano + 03 cabezales + 09 fresas,NA,06-11-2024,Cerrado,69668349533,Revisión de equipos,AE-106-24,
042-24,2024,Endoscopia,Endos,02 Videocolonoscopios,1C667K065 / 1C654K487,18-11-2024,Cerrado,696684391351 / 696684391362,Rigidez en mando mayor / fuga a la angulación,AE-024-25 / AE-044-25,EQUIPOS REPADOS
043-24,2024,Otorrino,Medtronic,01 Pieza de mano,3118,21-11-2024,Cerrado,NA,Se reemplaza por pieza de mano SN: MA-U02805,AE-111-2024,
044-24,2024,PQC,SurMedical SpA,Resectoscopio Bipolar ,NA,26-11-2024,Enviado a ST,696684901463,Defectuoso,,
045-24,2024,PQC,Gliocorp,Pieza de mano para broca de corte,BJ3605-2404012,12-12-2024,Cerrado,Traslado directo por el Sr. Juan Pablo Morales,,,
001-25,2025,Inmunología,Fresenius Kabi,01 Bomba de infusión,22927767,09-01-2025,Enviado a ST,696688055545,No enciende,,
002-25,2025,Imagenología,International Clinics,01 Módulo de control / 01 Pistola de biopsia / 01 Pedal,MSCM1001240 / NA / 01008,14-01-2025,Cerrado,696688340180,Equipo defectuoso,AE-006-25,OPERATIVO
003-25,2025,Esterilización,SurMedical SpA,Citoscopio N°1,NA,14-01-2025,Cerrado,696688443684,Fibra óptica defectuosa,AE-012-25,
004-25,2025,Endoscopia,Andover,Procesador de imagen,1V694G380,27-01-2025,Cerrado,696689288013,falla en el conector DVI ,AE-031-25,
005-25,2025,Endoscopia,Endos,Videopanendoscopio,9G391K275,28-01-2025,Cerrado,696689288002,AE-022-25,,
006-25,2025,Poli Oftalmología,ATM,Ecotomógrafo oftalmológico,41651,05-02-2025,Cerrado,696690849245,No detecta el largo axial,AE-026-25,
007-25,2025,PQC,Gliocorp,Motor de neurocirugía + consola + pedal,NA,14-02-2025,Cerrado,696691286933,No funciona correctamente,,
008-25,2025,Imagenología,International Clinics,Equipo Sistema de Biopsia Mamario,MSCM1001240,17-02-2025,Cerrado,696691463915,Error:808,AE-019-25,
009-25,2025,Urgencia Obstétrica,ABM Medical,Monitor Cardiofetal,AGG90037,27-02-2025,Cerrado,696692136991,...,AE-033-25,Operativo
010-25,2025,Endoscopia,Endos,Videopanendoscopio,9G391K273,27-02-2025,Cerrado,696692136991,Equipo enviado a revisión y reparación,AE-043-25,EQUIPO REPARADO
011-25,2025,PQC,johnson y Johnson,01 Pieza de mano con módulo de poder,SWISS 05.001.201 / (21)24765,05-03-2025,Cerrado,696692435261,No se puede sacar tapa ni batería y tiene 2 piezas sueltas(resorte y adptador chico),AE-040-25,
012-25,2025,Endoscopia,Endos,Videocolonoscopio,8C688K108,10-03-2025,Cerrado,696692820810,Equipo enviado a revisión y reparación,AE-056-25,Equipo reparado
013-25,2025,PQC,Medtronic,01 Electrobisturí,F6K50446A,09-04-2025,Enviado a ST,696694869150,Equipo enviado a revisión y reparación,,
014-25,2025,Endoscopia,Endos,Videpanendoscopio,2G37K419,15-04-2025,Cerrado,696695411090,Equipo enviado a revisión y reparación,AE-104-25,
015-25,2025,Endoscopia,Endos,Videocolonoscopio,8C688K106,15-04-2025,Cerrado,696695604570,Revestimiento del tubo flexible esta desgastado,AE-040-25,EQUIPO REPARADO
016-25,2025,Urgencia Obstétrica,ABM Medical,Monitor Cardiofetal,AGG90037,29-04-2025,Cerrado,-,Problemas en su pantalla,AE-052-25,
017-25,2025,UCI,Imedica,Monitor de ventilador mecánico,6032,14-05-2025,Cerrado,696697579863,Falla en pantalla táctil,AE-055-25,EQUIPO REPARADO
018-25,2025,Neonatología,Mediplex,04 Bases humidificadoras,110907119360 / 110818117847 / 11008121806 / 200719454472,14-05-2025,Cerrado,696697579874,Reparación y mantención,AE-080-25 / AE-114-25,EQUIPO REPARADO
019-25,2025,Medicina,Fresenius Kabi,02 Bombas de infusión,25141027 / 25141070,16-05-2025,Enviado a ST,696697867176,Reparación y mantención,,
020-25,2025,Urgencia,Fresenius Kabi,03 Bombas de infusión,019181-22927707 / 019181-22927774/019181-22927705,16-05-2025,Enviado a ST,696697867176,Reparación y mantención,,
021-25,2025,UCA,Fresenius Kabi,02 Bombas enterales + 02 Holder,25328733-25328733 / 25328797-25328793,20-05-2025,Enviado a ST,696698165693,Reparación y mantención,,
022-25,2025,UTI,Arquimed,Monitor multiparámetros de alta complejidad,KQ-04039008,29-05-2025,Cerrado,696698559771,Fallas en LCD,AE-129-25,Equipo operativo
023-25,2025,Endoscopia,Endos,Videobroncoscopio adulto,1B083K206,29-05-2025,Cerrado,-,Mordedura y perdida de hermeticidad,AE-064-25,
024-25,2025,EEMM,TDM,Analizador de seguridad eléctrica,6014024,29-05-2025,Cerrado,Traslado directo por el Sr. Jonathan Lopez,Se envía equipo de vuelta a Técnica División Médica (TDM),,
025-25,2025,EEMM,TDM,Equipos Fluke,varios,03-06-2025,Cerrado,696699155036,Calibración y mantenimiento anual,04/08/25: Llego maleta con equipos,
026-25,2025,Neonatología,PM Consulting,Ventilador Mecánico Neonatal SLE 5000,55184,18-06-2025,Cerrado,696700230295,Problemas en su conector de sensor de flujo,AE-082-25,
027-25,2025,Endoscopia,Endos,Videocolonoscopio,8C688K106,24-06-2025,Enviado a ST,696700479204,Mango mayor se corto,,
028-25,2025,PQC,Endos,Videofibroscopio,92710,24-06-2025,Cerrado,696700479193,Vaina decolorada y perforación en sector de deflexión,Se envia a ST Karl Storz,
029-25,2025,PQC,Endos,Videofibroscopio,72683,24-06-2025,Cerrado,696700479193,Se envia para revisión de recubrimiento inflado,Se envia a ST Karl Storz,
030-25,2025,Endoscopia,Endos,Videopanendoscopio,1G349K108,24-06-2025,Enviado a ST,696700479182,"Filtración en cono de empuñadura, desgaste en goma y tubo de inserción",,
031-25,2025,EEMM,TDM,01 Caimán negro + cable y 01 punta roja y negra + cable,NA,25-06-2025,Cerrado,696700573133,Devolución a las dependencias TDM,,
032-25,2025,-,-,-,-,-,,-,-,-,
033-25,2025,PQC,Johnson y Johnson,02 Adaptadores de sierra Drill,5002 / 13826,07-07-2025,Enviado a ST,696701451051,revisión a las brocas ya que no quedan bien ajustadas al adaptador,AE-108-25: SN. 5002 / ,FALTA 13826
034-25,2025,Urología,Blue Medical,Monitor multiparámetros VISMO,102901,09-07-2025,Cerrado,696701666883,Falla en su pantala touch,NA,EQUIPO NO ES ENVIADO
035-25,2025,EEMM,Blue Medical,GD N° 46209,NA,09-07-2025,Enviado a ST,,Se envían de vuelta a ST de BlueMedical SPA,,
036-25,2025,Esterilización,Arquimed,Luminómetro,49640,10-07-2025,Enviado a ST,696701666894,"Equipo no enciende, no carga software",,
037-25,2025,EEMM,TechBiomedical,Control Box,D062020120427,10-07-2025,Enviado a ST,696701666905,No entrega voltaje que necesita la cama para poder hacer los movimientos,,
038-25,2025,Medicina Transfusional,Tecnigen,Centrifuga megafuge 1.0,40891044,10-07-2025,Enviado a ST,696701846643???,Presenta fallas en medición de la velocidad,,
039-25,2025,Otorrino,Karl Storz,Nasofibroscopio,2857185,11-07-2025,Cotización Recibida,,"presenta puntos negros en la imagen, no se flecta punta hacia abajo y su visión es nublada o borrosa.",,
040-25,2025,PQC,Karl Storz,Procesador de imagen,PR782437-P,11-07-2025,Cotización Recibida,,presenta falla en tarjeta fuente de poder,,
041-25,2025,PQC,Fresenius Kabi,01 Base Primea + 01 Módulo DPS,081380/21183061 - 082381/20646137,14-07-2025,Cerrado,696701974765,Falla en el teclado / No reconoce jeringas,AE-138-25,EQUIPO OPERATIVO
042-25,2025,Otorrino,Karl Storz,Lente de la caja de ópticas endoscópicas nasales,533 TVA,15-07-2025,Cotización Recibida,696702071671,Se encuentra dañada,,
043-25,2025,PQC,Karl Storz,Videofibroscopio 11303 BNX,92710,22-07-2025,Cotización Recibida,696702618850,Vaina decolorada y perforación en sector de deflexión,,
044-25,2025,PQC,Karl Storz,Videofibroscopio 11304 BCX,72683 (UDA),22-07-2025,Cotización Recibida,696702618850,Recubrimiento inflado,,
045-25,2025,PQC,Johnson y Johnson,Pieza de mano synthes TRS modular drive,(21)24765,23-07-2025,Cerrado,696702618850,Falla en sus botones,AE-137-25,EQUIPO OPERATIVO
046-25,2025,HRC,Agrupación ATENS,02 Equipos toma presión / 01 Balanza,100093613818 / 100095293818 / 5769353172152,25-07-2025,Cerrado,-,Apoyo para la primera corrida familiar HRC,,
047-25,2025,Pabellón Centralizado,Johnson y Johnson,Pieza de mano synthes TRS modular drive,4865,01-08-2025,No reparado,696703304194,Falla en uno de sus botones y no permite el uso del motor,AE-125-25,EQUIPO NO REPARADO
048-25,2025,Medicina Nuclear,LMRI,Detector de radiación ambiental tipo G.M,PF009319,05-08-2025,Cerrado,696703412296,Se envia para calibración,AE-117-25,EQUIPO OPERATIVO
049-25,2025,Endoscopia,Endos,Videoduodenoscopio,1D102K536,07-08-2025,Enviado a ST,696703761213,Obstrucción de trabjo por cuerpo extraño,,
050-25,2025,Urgencia,Fresenius Kabi,03 Bombas de infusión,019181/22927708 – 019181/22927704 - 25141017,08-08-2025,Cerrado,Las revisara el Técnico de FK en HRC (agosto),"Equipos en calidad de COMODATO, enviados a ST para reparación y mantención",019181 / 22927704: AE-127-25,
051-25,2025,Policlínico Otorrino,Karl Storz,Consola de micromotor y pieza de mano + 03 fresas y contenedor metálico,BM91273 / 250410 A,13-08-2025,Enviado a ST,696704348244 / 696704348255,No está energizando la pieza de mano,,
052-25,2025,Medicina Nuclear,LMRI,Detector de radiación ambiental tipo G.M. Mirion,410133,22-08-2025,Enviado a ST,606704751724,Se envia para calibración,,
053-25,2025,Pabellón Centralizado,Rudolf,01 Cabecera / 01 Piernera Trumpf,101702467 / 454918 - 100263154,29-08-2025,Enviado a ST,696705292275 / 696705292286,Falla en seguros,,
054-25,2025,UCI,Andover,"02 Monitores Multiparámetros Alta Complejidad, Intellivue X3",DE61163979 / DE61164012,03-09-2025,Enviado a ST,696705730195,Pantalla quebrada / Revisión y reparación de entrada P1,,
055-25,2025,Endoscopia,Endos,01 Videocolonosocopio,8C688K108,04-09-2025,Cerrado,696705843293,Revisión y reparación pendiente,AE-155-25,EQUIPO OPERATIVO
056-25,2025,Pabellón Centralizado,Karl Storz,Set de Resectoscopio Monopolar,-,16-09-2025,Enviado a ST,696706595723,Reparación en aza de elemento de trabajo,,
057-25,2025,UCI,Imédica,Ventilador mecánico de transporte T1,1154,23-09-2025,Enviado a ST,696706986990,Error de evento técnico 231022,,
058-25,2025,Pabellón Centralizado,Fresenius Kabi,01 Base primea SP + 01 Módulo DPS,081380/21183061 - 082381/20646137,30-09-2025,Enviado a ST,696707487711,Falla en el teclado,,
059-25,2025,Otorrino,,Otoemisor de screening auditivo Titan ABRIS 440,926308,02-10-2025,,,Se envía equipo para revisión y calibración,,
060-25,2025,-,-,-,-,-,,-,-,,
061-25,2025,Pabellón Centralizado,Johnson y Johnson,Pieza de mano synthes TRS modular drive,(21)24061,07-10-2025,No reparado,696707908982,Revisión ya que gira lento y se calienta la batería,Se envía nuevamente a ST con CS N°73,
062-25,2025,Otorrino,,Audiómetro Clínico,937149,17-10-2025,Cerrado,,"Desperfecto técnico, impide realizar la medición de vía ósea de la audición y no es factible realizare audiometrías fidedignas",AE-165-25,
063-25,2025,UCPP,Imédica,Ventilador mecánico invasivo C3,2028,17-10-2025,Cerrado,696709257086,Se envia a ST para realizar mantenimiento preventivo pendiente,,
064-25,2025,Otorrino,Calibrasystem,Impedanciometro,3006845,30-10-2025,Cerrado,696709646393,"Constates fallas, requiere calibración y posible cambio de componentes",AE-160-25,
065-25,2025,Endoscopia,Endos,Videocolonoscopio,1C667K065,23-10-2025,Enviado a ST,696709257075,Su pinza ya que no pasa fluida por el canal,,
066-25,2025,EEMM,Rudolf,Cable de conexión a computador de mesa Qx,-,24-10-2025,Enviado a ST,696709257090,-,-,
067-25,2025,Policlínico Oftalmología,Oftomed,Consola de fotocoagulador y cabezal de láser + filtro de fotocoagulador,EZZ15487TC,27-10-2025,Enviado a ST,696709443522 / 696709443533,Para reparación,,
068-25,2025,EEMM,HPH,Vaporizador Sevofluorano,ASHA-0611,30-10-2025,Cerrado,696709646382,Se envia de vuelta a las dependencias del HPH,-,
069-25,2025,EEMM,Karl Storz,03 Cajas metálicas de almacenamiento de ópticas para Torre VLP y 01 Manguera de acople rápido para conexión con tubo CO2 (LOT. RL01 – REF. UI002).,-,30-10-2025,Enviado a ST,696709646404,Se envían de vuelta a las dependencias Karl Storz por incumplimiento de especificaciones técnicas de Licitación 1552-19-LQ25,,
,,,,,,,,,,,
070-25,2025,UQA,Medicina Técnica Ltda,06 Bombas de infusión CADD-LEGACY PLUS 6500,429223 / 429229/ 429230/ 430025/ 430035/ 431108,20-11-2025,Cerrado,-,"Equipos en calidad de COMODATO, enviados a ST para reparación y mantenimiento.",AE-176-25,
071-25,2025,Pabellón Centralizado,Gliocorp,Motor de neurocirugía Bojín,BJ36006-V-2404018,03-12-2025,Enviado a ST,696712410693 / 696712410704,,,
072-25,2025,Pabellón Centralizado,Johnson & Johnson,Pieza de mano TRS modular drive Synthes,SWISS 05.001.201 / (21)24765,03-12-2025,Enviado a ST,696712410682,,,
